Property|Type|Description|Computed|Required|Optional
aboutMe|String|A freeform text entry field for the user to describe themselves. Returned only on `$select`.|TRUE||
accountEnabled|Boolean|`true` if the account is enabled; otherwise, `false`. This property is required when a user is created. <br><br>Returned only on `$select`. Supports `$filter` (`eq`, `ne`, `not`, and `in`).|TRUE||
ageGroup|[ageGroup](#agegroup-values)|Sets the age group of the user. Allowed values: `null`, `Minor`, `NotAdult` and `Adult`. Refer to the [legal age group property definitions](#legal-age-group-property-definitions) for further information. <br><br>Returned only on `$select`. Supports `$filter` (`eq`, `ne`, `not`, and `in`).|TRUE||
assignedLicenses|[assignedLicense](assignedlicense.md) collection|The licenses that are assigned to the user, including inherited (group-based) licenses. This property doesn't differentiate directly-assigned and inherited licenses. Use the **licenseAssignmentStates** property to identify the directly-assigned and inherited licenses.  Not nullable. Returned only on `$select`. Supports `$filter` (`eq`, `not`, `/$count eq 0`, `/$count ne 0`).|TRUE||
assignedPlans|[assignedPlan](assignedplan.md) collection|The plans that are assigned to the user. Read-only. Not nullable. <br><br>Returned only on `$select`. Supports `$filter` (`eq` and `not`).|TRUE||
birthday|DateTimeOffset|The birthday of the user. The Timestamp type represents date and time information using ISO 8601 format and is always in UTC time. For example, midnight UTC on Jan 1, 2014 is `2014-01-01T00:00:00Z`. <br><br>Returned only on `$select`.|TRUE||
businessPhones|String collection|The telephone numbers for the user. NOTE: Although this is a string collection, only one number can be set for this property. Read-only for users synced from on-premises directory. <br><br>Returned by default. Supports `$filter` (`eq`, `not`, `ge`, `le`, `startsWith`).|TRUE||
city|String|The city in which the user is located. Maximum length is 128 characters. <br><br>Returned only on `$select`. Supports `$filter` (`eq`, `ne`, `not`, `ge`, `le`, `in`, `startsWith`, and `eq` on `null` values).|TRUE||
companyName|String|The company name which the user is associated. This property can be useful for describing the company that an external user comes from. The maximum length is 64 characters.<br><br>Returned only on `$select`. Supports `$filter` (`eq`, `ne`, `not`, `ge`, `le`, `in`, `startsWith`, and `eq` on `null` values).|TRUE||
consentProvidedForMinor|[consentProvidedForMinor](#consentprovidedforminor-values)|Sets whether consent has been obtained for minors. Allowed values: `null`, `Granted`, `Denied` and `NotRequired`. Refer to the [legal age group property definitions](#legal-age-group-property-definitions) for further information. <br><br>Returned only on `$select`. Supports `$filter` (`eq`, `ne`, `not`, and `in`).|TRUE||
country|String|The country/region in which the user is located; for example, `US` or `UK`. Maximum length is 128 characters. <br><br>Returned only on `$select`. Supports `$filter` (`eq`, `ne`, `not`, `ge`, `le`, `in`, `startsWith`, and `eq` on `null` values).|TRUE||
createdDateTime|DateTimeOffset|The date and time the user was created, in ISO 8601 format and in UTC time. The value cannot be modified and is automatically populated when the entity is created. Nullable. For on-premises users, the value represents when they were first created in Azure AD. Property is `null` for some users created before June 2018 and on-premises users that were synced to Azure AD before June 2018. Read-only. <br><br>Returned only on `$select`. Supports `$filter` (`eq`, `ne`, `not` , `ge`, `le`, `in`).|TRUE||
creationType|String|Indicates whether the user account was created through one of the following methods: <br/> <ul><li>As a regular school or work account (`null`). <li>As an external account (`Invitation`). <li>As a local account for an Azure Active Directory B2C tenant (`LocalAccount`). <li>Through self-service sign-up by an internal user using email verification (`EmailVerified`). <li>Through self-service sign-up by an external user signing up through a link that is part of a user flow (`SelfServiceSignUp`).</ul> <br>Read-only.<br>Returned only on `$select`. Supports `$filter` (`eq`, `ne`, `not`, `in`).|TRUE||
deletedDateTime|DateTimeOffset|The date and time the user was deleted. <br><br>Returned only on `$select`. Supports `$filter` (`eq`, `ne`, `not`, `ge`, `le`, `in`).|TRUE||
department|String|The name for the department in which the user works. Maximum length is 64 characters. <br><br>Returned only on `$select`. Supports `$filter` (`eq`, `ne`, `not` , `ge`, `le`, `in`, and `eq` on `null` values).|TRUE||
displayName|String|The name displayed in the address book for the user. This is usually the combination of the user's first name, middle initial and last name. This property is required when a user is created and it cannot be cleared during updates. Maximum length is 256 characters. <br><br>Returned by default. Supports `$filter` (`eq`, `ne`, `not` , `ge`, `le`, `in`, `startsWith`, and `eq` on `null` values), `$orderBy`, and `$search`.|TRUE||
employeeHireDate|DateTimeOffset|The date and time when the user was hired or will start work in case of a future hire. <br><br>Returned only on `$select`. Supports `$filter` (`eq`, `ne`, `not` , `ge`, `le`, `in`).|TRUE||
employeeLeaveDateTime|DateTimeOffset|The date and time when the user left or will leave the organization. <br><br>To read this property, the calling app must be assigned the *User-LifeCycleInfo.Read.All* permission. To write this property, the calling app must be assigned the *User.Read.All* and *User-LifeCycleInfo.ReadWrite.All* permissions. To read this property in delegated scenarios, the admin needs one of the following Azure AD roles: *Lifecycle Workflows Administrator*, *Global Reader*, or *Global Administrator*. To write this property in delegated scenarios, the admin needs the *Global Administrator* role. <br><br>Supports `$filter` (`eq`, `ne`, `not` , `ge`, `le`, `in`). <br><br>For more information, see [Configure the employeeLeaveDateTime property for a user](/graph/tutorial-lifecycle-workflows-set-employeeleavedatetime).|TRUE||
employeeId|String|The employee identifier assigned to the user by the organization. The maximum length is 16 characters. <br><br>Returned only on `$select`. Supports `$filter` (`eq`, `ne`, `not` , `ge`, `le`, `in`, `startsWith`, and `eq` on `null` values).|TRUE||
employeeOrgData|[employeeOrgData](employeeorgdata.md)|Represents organization data (e.g. division and costCenter) associated with a user. <br><br>Returned only on `$select`. Supports `$filter` (`eq`, `ne`, `not` , `ge`, `le`, `in`).|TRUE||
employeeType|String|Captures enterprise worker type. For example, `Employee`, `Contractor`, `Consultant`, or `Vendor`. Returned only on `$select`. Supports `$filter` (`eq`, `ne`, `not` , `ge`, `le`, `in`, `startsWith`).|TRUE||
externalUserState|String|For an external user invited to the tenant using the [invitation API](../api/invitation-post.md), this property represents the invited user's invitation status. For invited users, the state can be `PendingAcceptance` or `Accepted`, or `null` for all other users. <br><br>Returned only on `$select`. Supports `$filter` (`eq`, `ne`, `not` , `in`).|TRUE||
externalUserStateChangeDateTime|DateTimeOffset|Shows the timestamp for the latest change to the **externalUserState** property. <br><br>Returned only on `$select`. Supports `$filter` (`eq`, `ne`, `not` , `in`).|TRUE||
faxNumber|String|The fax number of the user. <br><br>Returned only on `$select`. Supports `$filter` (`eq`, `ne`, `not` , `ge`, `le`, `in`, `startsWith`, and `eq` on `null` values).|TRUE||
givenName|String|The given name (first name) of the user. Maximum length is 64 characters. <br><br>Returned by default. Supports `$filter` (`eq`, `ne`, `not` , `ge`, `le`, `in`, `startsWith`, and `eq` on `null` values).|TRUE||
hireDate|DateTimeOffset|The hire date of the user. The Timestamp type represents date and time information using ISO 8601 format and is always in UTC time. For example, midnight UTC on Jan 1, 2014 is `2014-01-01T00:00:00Z`. <br><br>Returned only on `$select`. <br> **Note:** This property is specific to SharePoint Online. We recommend using the native **employeeHireDate** property to set and update hire date values using Microsoft Graph APIs.|TRUE||
id|String|The unique identifier for the user. Should be treated as an opaque identifier. Inherited from [directoryObject](directoryobject.md). Key. Not nullable. Read-only. <br><br>Returned by default. Supports `$filter` (`eq`, `ne`, `not`, `in`).|||TRUE
identities|[objectIdentity](objectIdentity.md) collection|Represents the identities that can be used to sign in to this user account. An identity can be provided by Microsoft (also known as a local account), by organizations, or by social identity providers such as Facebook, Google, and Microsoft, and tied to a user account. May contain multiple items with the same **signInType** value. <br><br>Returned only on `$select`. Supports `$filter` (`eq`) including on `null` values, only where the **signInType** is not `userPrincipalName`.|TRUE||
imAddresses|String collection|The instant message voice over IP (VOIP) session initiation protocol (SIP) addresses for the user. Read-only. <br><br>Returned only on `$select`. Supports `$filter` (`eq`, `not`, `ge`, `le`, `startsWith`).|TRUE||
interests|String collection|A list for the user to describe their interests. <br><br>Returned only on `$select`.|TRUE||
isResourceAccount|Boolean|Do not use – reserved for future use.|TRUE||
jobTitle|String|The user's job title. Maximum length is 128 characters. <br><br>Returned by default. Supports `$filter` (`eq`, `ne`, `not` , `ge`, `le`, `in`, `startsWith`, and `eq` on `null` values).|TRUE||
lastPasswordChangeDateTime|DateTimeOffset|The time when this Azure AD user last changed their password or when their password was created, whichever date the latest action was performed. The date and time information uses ISO 8601 format and is always in UTC time. For example, midnight UTC on Jan 1, 2014 is `2014-01-01T00:00:00Z`. <br><br>Returned only on `$select`.|TRUE||
legalAgeGroupClassification|[legalAgeGroupClassification](#legalagegroupclassification-values)|Used by enterprise applications to determine the legal age group of the user. This property is read-only and calculated based on **ageGroup** and **consentProvidedForMinor** properties. Allowed values: `null`, `MinorWithOutParentalConsent`, `MinorWithParentalConsent`, `MinorNoParentalConsentRequired`, `NotAdult` and `Adult`. Refer to the [legal age group property definitions](#legal-age-group-property-definitions) for further information. <br><br>Returned only on `$select`.|TRUE||
licenseAssignmentStates|[licenseAssignmentState](licenseassignmentstate.md) collection|State of license assignments for this user. Also indicates licenses that are directly-assigned and those that the user has inherited through group memberships. Read-only. <br><br>Returned only on `$select`.|TRUE||
mail|String|The SMTP address for the user, for example, `jeff@contoso.onmicrosoft.com`. Changes to this property will also update the user's **proxyAddresses** collection to include the value as an SMTP address. This property cannot contain accent characters. <br/> **NOTE:** We do not recommend updating this property for Azure AD B2C user profiles. Use the **otherMails** property instead. <br><br>Returned by default. Supports `$filter` (`eq`, `ne`, `not`, `ge`, `le`, `in`, `startsWith`, `endsWith`, and `eq` on `null` values).|TRUE||
mailboxSettings|[mailboxSettings](mailboxsettings.md)|Settings for the primary mailbox of the signed-in user. You can [get](../api/user-get-mailboxsettings.md) or [update](../api/user-update-mailboxsettings.md) settings for sending automatic replies to incoming messages, locale and time zone. <br><br>Returned only on `$select`.|TRUE||
mailNickname|String|The mail alias for the user. This property must be specified when a user is created. Maximum length is 64 characters. <br><br>Returned only on `$select`. Supports `$filter` (`eq`, `ne`, `not`, `ge`, `le`, `in`, `startsWith`, and `eq` on `null` values).|TRUE||
mobilePhone|String|The primary cellular telephone number for the user. Read-only for users synced from on-premises directory. Maximum length is 64 characters. <br><br>Returned by default. Supports `$filter` (`eq`, `ne`, `not`, `ge`, `le`, `in`, `startsWith`, and `eq` on `null` values).|TRUE||
mySite|String|The URL for the user's personal site. <br><br>Returned only on `$select`.|TRUE||
officeLocation|String|The office location in the user's place of business. <br><br>Returned by default. Supports `$filter` (`eq`, `ne`, `not`, `ge`, `le`, `in`, `startsWith`, and `eq` on `null` values).|TRUE||
onPremisesDistinguishedName|String|Contains the on-premises Active Directory `distinguished name` or `DN`. The property is only populated for customers who are synchronizing their on-premises directory to Azure Active Directory via Azure AD Connect. Read-only. <br><br>Returned only on `$select`.|TRUE||
onPremisesDomainName|String|Contains the on-premises `domainFQDN`, also called dnsDomainName synchronized from the on-premises directory. The property is only populated for customers who are synchronizing their on-premises directory to Azure Active Directory via Azure AD Connect. Read-only. <br><br>Returned only on `$select`.|TRUE||
onPremisesExtensionAttributes|[onPremisesExtensionAttributes](onpremisesextensionattributes.md)|Contains extensionAttributes1-15 for the user. These extension attributes are also known as Exchange custom attributes 1-15. <br><li>For an **onPremisesSyncEnabled** user, the source of authority for this set of properties is the on-premises and is read-only. </li><li>For a cloud-only user (where **onPremisesSyncEnabled** is `false`), these properties can be set during creation or update of a user object.  </li><li>For a cloud-only user previously synced from on-premises Active Directory, these properties are read-only in Microsoft Graph but can be fully managed through the Exchange Admin Center or the Exchange Online V2 module in PowerShell.</li><br> Returned only on `$select`. Supports `$filter` (`eq`, `ne`, `not`, `in`).|TRUE||
onPremisesImmutableId|String|This property is used to associate an on-premises Active Directory user account to their Azure AD user object. This property must be specified when creating a new user account in the Graph if you are using a federated domain for the user's **userPrincipalName** (UPN) property. **NOTE:** The **$** and **\_** characters cannot be used when specifying this property. <br><br>Returned only on `$select`. Supports `$filter` (`eq`, `ne`, `not`, `ge`, `le`, `in`)..|TRUE||
onPremisesLastSyncDateTime|DateTimeOffset|Indicates the last time at which the object was synced with the on-premises directory; for example: `2013-02-16T03:04:54Z`. The Timestamp type represents date and time information using ISO 8601 format and is always in UTC time. For example, midnight UTC on Jan 1, 2014 is `2014-01-01T00:00:00Z`. Read-only. <br><br>Returned only on `$select`. Supports `$filter` (`eq`, `ne`, `not`, `ge`, `le`, `in`).|TRUE||
onPremisesProvisioningErrors|[onPremisesProvisioningError](onpremisesprovisioningerror.md) collection|Errors when using Microsoft synchronization product during provisioning. <br><br>Returned only on `$select`. Supports `$filter` (`eq`, `not`, `ge`, `le`).|TRUE||
onPremisesSamAccountName|String|Contains the on-premises `samAccountName` synchronized from the on-premises directory. The property is only populated for customers who are synchronizing their on-premises directory to Azure Active Directory via Azure AD Connect. Read-only. <br><br>Returned only on `$select`. Supports `$filter` (`eq`, `ne`, `not`, `ge`, `le`, `in`, `startsWith`).|TRUE||
onPremisesSecurityIdentifier|String|Contains the on-premises security identifier (SID) for the user that was synchronized from on-premises to the cloud. Read-only. <br><br>Returned only on `$select`.  Supports `$filter` (`eq` including on `null` values).|TRUE||
onPremisesSyncEnabled|Boolean|`true` if this user object is currently being synced from an on-premises Active Directory (AD); otherwise the user isn't being synced and can be managed in Azure Active Directory (Azure AD). Read-only. <br><br>Returned only on `$select`. Supports `$filter` (`eq`, `ne`, `not`, `in`, and `eq` on `null` values).|TRUE||
onPremisesUserPrincipalName|String|Contains the on-premises `userPrincipalName` synchronized from the on-premises directory. The property is only populated for customers who are synchronizing their on-premises directory to Azure Active Directory via Azure AD Connect. Read-only. <br><br>Returned only on `$select`. Supports `$filter` (`eq`, `ne`, `not`, `ge`, `le`, `in`, `startsWith`).|TRUE||
otherMails|String collection|"A list of additional email addresses for the user; for example: `[""bob@contoso.com"", ""Robert@fabrikam.com""]`. <br>NOTE: This property cannot contain accent characters. <br><br>Returned only on `$select`. Supports `$filter` (`eq`, `not`, `ge`, `le`, `in`, `startsWith`, `endsWith`, `/$count eq 0`, `/$count ne 0`)."|TRUE||
passwordPolicies|String|Specifies password policies for the user. This value is an enumeration with one possible value being `DisableStrongPassword`, which allows weaker passwords than the default policy to be specified. `DisablePasswordExpiration` can also be specified. The two may be specified together; for example: `DisablePasswordExpiration, DisableStrongPassword`. <br><br>Returned only on `$select`. For more information on the default password policies, see [Azure AD pasword policies](/azure/active-directory/authentication/concept-sspr-policy#password-policies-that-only-apply-to-cloud-user-accounts). Supports `$filter` (`ne`, `not`, and `eq` on `null` values).|TRUE||
passwordProfile|[passwordProfile](passwordprofile.md)|Specifies the password profile for the user. The profile contains the user’s password. This property is required when a user is created. The password in the profile must satisfy minimum requirements as specified by the **passwordPolicies** property. By default, a strong password is required. <br><br>Returned only on `$select`. Supports `$filter` (`eq`, `ne`, `not`, `in`, and `eq` on `null` values).|TRUE||
pastProjects|String collection|A list for the user to enumerate their past projects. <br><br>Returned only on `$select`.|TRUE||
postalCode|String|The postal code for the user's postal address. The postal code is specific to the user's country/region. In the United States of America, this attribute contains the ZIP code. Maximum length is 40 characters. <br><br>Returned only on `$select`. Supports `$filter` (`eq`, `ne`, `not`, `ge`, `le`, `in`, `startsWith`, and `eq` on `null` values).|TRUE||
preferredDataLocation|String|The preferred data location for the user. For more information, see [OneDrive Online Multi-Geo](/sharepoint/dev/solution-guidance/multigeo-introduction).|TRUE||
preferredLanguage|String|The preferred language for the user. Should follow ISO 639-1 Code; for example `en-US`. <br><br>Returned by default. Supports `$filter` (`eq`, `ne`, `not`, `ge`, `le`, `in`, `startsWith`, and `eq` on `null` values)|TRUE||
preferredName|String|The preferred name for the user. **Not Supported. This attribute returns an empty string.**<br><br>Returned only on `$select`.|TRUE||
provisionedPlans|[provisionedPlan](provisionedplan.md) collection|The plans that are provisioned for the user. Read-only. Not nullable. <br><br>Returned only on `$select`. Supports `$filter` (`eq`, `not`, `ge`, `le`).|TRUE||
proxyAddresses|String collection|"For example: `[""SMTP: bob@contoso.com"", ""smtp: bob@sales.contoso.com""]`. Changes to the **mail** property will also update this collection to include the value as an SMTP address. For more information, see [mail and proxyAddresses properties](#mail-and-proxyaddresses-properties). The proxy address prefixed with `SMTP` (capitalized) is the primary proxy address while those prefixed with `smtp` are the secondary proxy addresses. For Azure AD B2C accounts, this property has a limit of ten unique addresses. Read-only in Microsoft Graph; you can update this property only through the [Microsoft 365 admin center](/exchange/recipients-in-exchange-online/manage-user-mailboxes/add-or-remove-email-addresses). Not nullable. <br><br>Returned only on `$select`. Supports `$filter` (`eq`, `not`, `ge`, `le`, `startsWith`, `endsWith`, `/$count eq 0`, `/$count ne 0`)."|TRUE||
refreshTokensValidFromDateTime|DateTimeOffset|Any refresh tokens or sessions tokens (session cookies) issued before this time are invalid, and applications will get an error when using an invalid refresh or sessions token to acquire a delegated access token (to access APIs such as Microsoft Graph).  If this happens, the application will need to acquire a new refresh token by making a request to the authorize endpoint. <br><br>Returned only on `$select`. Read-only.|TRUE||
responsibilities|String collection|A list for the user to enumerate their responsibilities. <br><br>Returned only on `$select`.|TRUE||
schools|String collection|A list for the user to enumerate the schools they have attended. <br><br>Returned only on `$select`.|TRUE||
securityIdentifier|String|Security identifier (SID) of the user, used in Windows scenarios. <br><br>Read-only. Returned by default. <br>Supports `$select` and `$filter` (`eq`, `not`, `ge`, `le`, `startsWith`).|TRUE||
showInAddressList|Boolean|**Do not use in Microsoft Graph. Manage this property through the Microsoft 365 admin center instead.** Represents whether the user should be included in the Outlook global address list. See [Known issue](/graph/known-issues#showinaddresslist-property-is-out-of-sync-with-microsoft-exchange).|TRUE||
signInSessionsValidFromDateTime|DateTimeOffset|Any refresh tokens or sessions tokens (session cookies) issued before this time are invalid, and applications will get an error when using an invalid refresh or sessions token to acquire a delegated access token (to access APIs such as Microsoft Graph).  If this happens, the application will need to acquire a new refresh token by making a request to the authorize endpoint. Read-only. Use [revokeSignInSessions](../api/user-revokesigninsessions.md) to reset. <br><br>Returned only on `$select`.|TRUE||
skills|String collection|A list for the user to enumerate their skills. <br><br>Returned only on `$select`.|TRUE||
state|String|The state or province in the user's address. Maximum length is 128 characters. <br><br>Returned only on `$select`. Supports `$filter` (`eq`, `ne`, `not`, `ge`, `le`, `in`, `startsWith`, and `eq` on `null` values).|TRUE||
streetAddress|String|The street address of the user's place of business. Maximum length is 1024 characters. <br><br>Returned only on `$select`. Supports `$filter` (`eq`, `ne`, `not`, `ge`, `le`, `in`, `startsWith`, and `eq` on `null` values).|TRUE||
surname|String|The user's surname (family name or last name). Maximum length is 64 characters. <br><br>Returned by default. Supports `$filter` (`eq`, `ne`, `not`, `ge`, `le`, `in`, `startsWith`, and `eq` on `null` values).|TRUE||
usageLocation|String|A two letter country code (ISO standard 3166). Required for users that will be assigned licenses due to legal requirement to check for availability of services in countries.  Examples include: `US`, `JP`, and `GB`. Not nullable. <br><br>Returned only on `$select`. Supports `$filter` (`eq`, `ne`, `not`, `ge`, `le`, `in`, `startsWith`, and `eq` on `null` values).|TRUE||
userPrincipalName|String|The user principal name (UPN) of the user. The UPN is an Internet-style login name for the user based on the Internet standard RFC 822. By convention, this should map to the user's email name. The general format is alias@domain, where domain must be present in the tenant's collection of verified domains. This property is required when a user is created. The verified domains for the tenant can be accessed from the **verifiedDomains** property of [organization](organization.md).<br>NOTE: This property cannot contain accent characters. Only the following characters are allowed `A - Z`, `a - z`, `0 - 9`, ` ' . - _ ! # ^ ~`. For the complete list of allowed characters, see [username policies](/azure/active-directory/authentication/concept-sspr-policy#userprincipalname-policies-that-apply-to-all-user-accounts). <br><br>Returned by default. Supports `$filter` (`eq`, `ne`, `not`, `ge`, `le`, `in`, `startsWith`, `endsWith`) and `$orderBy`.|TRUE||TRUE
userType|String|A string value that can be used to classify user types in your directory, such as `Member` and `Guest`. <br><br>Returned only on `$select`. Supports `$filter` (`eq`, `ne`, `not`, `in`, and `eq` on `null` values). **NOTE:** For more information about the permissions for member and guest users, see [What are the default user permissions in Azure Active Directory?](/azure/active-directory/fundamentals/users-default-permissions?context=graph/context#member-and-guest-users)|TRUE||
